<?xml version="1.0" encoding="UTF-8"?>
<root>
  <item name="com.google.android.exoplayer2.text.ttml.TtmlRegion TtmlRegion(float, float, int, float) 2">
    <annotation name="android.support.annotation.IntDef">
      <val name="value" val="{com.google.android.exoplayer2.text.Cue.TYPE_UNSET, com.google.android.exoplayer2.text.Cue.LINE_TYPE_FRACTION, com.google.android.exoplayer2.text.Cue.LINE_TYPE_NUMBER}" />
    </annotation>
  </item>
  <item name="com.google.android.exoplayer2.text.ttml.TtmlRegion lineType">
    <annotation name="android.support.annotation.IntDef">
      <val name="value" val="{com.google.android.exoplayer2.text.Cue.TYPE_UNSET, com.google.android.exoplayer2.text.Cue.LINE_TYPE_FRACTION, com.google.android.exoplayer2.text.Cue.LINE_TYPE_NUMBER}" />
    </annotation>
  </item>
  <item name="com.google.android.exoplayer2.text.ttml.TtmlStyle bold">
    <annotation name="android.support.annotation.IntDef">
      <val name="value" val="{com.google.android.exoplayer2.text.ttml.TtmlStyle.UNSPECIFIED, com.google.android.exoplayer2.text.ttml.TtmlStyle.OFF, com.google.android.exoplayer2.text.ttml.TtmlStyle.ON}" />
    </annotation>
  </item>
  <item name="com.google.android.exoplayer2.text.ttml.TtmlStyle fontSizeUnit">
    <annotation name="android.support.annotation.IntDef">
      <val name="value" val="{com.google.android.exoplayer2.text.ttml.TtmlStyle.UNSPECIFIED, com.google.android.exoplayer2.text.ttml.TtmlStyle.FONT_SIZE_UNIT_PIXEL, com.google.android.exoplayer2.text.ttml.TtmlStyle.FONT_SIZE_UNIT_EM, com.google.android.exoplayer2.text.ttml.TtmlStyle.FONT_SIZE_UNIT_PERCENT}" />
    </annotation>
  </item>
  <item name="com.google.android.exoplayer2.text.ttml.TtmlStyle int getFontSizeUnit()">
    <annotation name="android.support.annotation.IntDef">
      <val name="value" val="{com.google.android.exoplayer2.text.ttml.TtmlStyle.UNSPECIFIED, com.google.android.exoplayer2.text.ttml.TtmlStyle.FONT_SIZE_UNIT_PIXEL, com.google.android.exoplayer2.text.ttml.TtmlStyle.FONT_SIZE_UNIT_EM, com.google.android.exoplayer2.text.ttml.TtmlStyle.FONT_SIZE_UNIT_PERCENT}" />
    </annotation>
  </item>
  <item name="com.google.android.exoplayer2.text.ttml.TtmlStyle int getStyle()">
    <annotation name="android.support.annotation.IntDef">
      <val name="flag" val="true" />
      <val name="value" val="{com.google.android.exoplayer2.text.ttml.TtmlStyle.UNSPECIFIED, com.google.android.exoplayer2.text.ttml.TtmlStyle.STYLE_NORMAL, com.google.android.exoplayer2.text.ttml.TtmlStyle.STYLE_BOLD, com.google.android.exoplayer2.text.ttml.TtmlStyle.STYLE_ITALIC, com.google.android.exoplayer2.text.ttml.TtmlStyle.STYLE_BOLD_ITALIC}" />
    </annotation>
  </item>
  <item name="com.google.android.exoplayer2.text.ttml.TtmlStyle italic">
    <annotation name="android.support.annotation.IntDef">
      <val name="value" val="{com.google.android.exoplayer2.text.ttml.TtmlStyle.UNSPECIFIED, com.google.android.exoplayer2.text.ttml.TtmlStyle.OFF, com.google.android.exoplayer2.text.ttml.TtmlStyle.ON}" />
    </annotation>
  </item>
  <item name="com.google.android.exoplayer2.text.ttml.TtmlStyle linethrough">
    <annotation name="android.support.annotation.IntDef">
      <val name="value" val="{com.google.android.exoplayer2.text.ttml.TtmlStyle.UNSPECIFIED, com.google.android.exoplayer2.text.ttml.TtmlStyle.OFF, com.google.android.exoplayer2.text.ttml.TtmlStyle.ON}" />
    </annotation>
  </item>
  <item name="com.google.android.exoplayer2.text.ttml.TtmlStyle underline">
    <annotation name="android.support.annotation.IntDef">
      <val name="value" val="{com.google.android.exoplayer2.text.ttml.TtmlStyle.UNSPECIFIED, com.google.android.exoplayer2.text.ttml.TtmlStyle.OFF, com.google.android.exoplayer2.text.ttml.TtmlStyle.ON}" />
    </annotation>
  </item>
</root>

