<?xml version="1.0" encoding="UTF-8"?>
<root>
  <item name="com.google.android.exoplayer2.upstream.cache.CacheDataSource CacheDataSource(com.google.android.exoplayer2.upstream.cache.Cache, com.google.android.exoplayer2.upstream.DataSource, com.google.android.exoplayer2.upstream.DataSource, com.google.android.exoplayer2.upstream.DataSink, int, com.google.android.exoplayer2.upstream.cache.CacheDataSource.EventListener) 4">
    <annotation name="android.support.annotation.IntDef">
      <val name="flag" val="true" />
      <val name="value" val="{com.google.android.exoplayer2.upstream.cache.CacheDataSource.FLAG_BLOCK_ON_CACHE, com.google.android.exoplayer2.upstream.cache.CacheDataSource.FLAG_IGNORE_CACHE_ON_ERROR, com.google.android.exoplayer2.upstream.cache.CacheDataSource.FLAG_CACHE_UNBOUNDED_REQUESTS}" />
    </annotation>
  </item>
  <item name="com.google.android.exoplayer2.upstream.cache.CacheDataSource CacheDataSource(com.google.android.exoplayer2.upstream.cache.Cache, com.google.android.exoplayer2.upstream.DataSource, int) 2">
    <annotation name="android.support.annotation.IntDef">
      <val name="flag" val="true" />
      <val name="value" val="{com.google.android.exoplayer2.upstream.cache.CacheDataSource.FLAG_BLOCK_ON_CACHE, com.google.android.exoplayer2.upstream.cache.CacheDataSource.FLAG_IGNORE_CACHE_ON_ERROR, com.google.android.exoplayer2.upstream.cache.CacheDataSource.FLAG_CACHE_UNBOUNDED_REQUESTS}" />
    </annotation>
  </item>
  <item name="com.google.android.exoplayer2.upstream.cache.CacheDataSource CacheDataSource(com.google.android.exoplayer2.upstream.cache.Cache, com.google.android.exoplayer2.upstream.DataSource, int, long) 2">
    <annotation name="android.support.annotation.IntDef">
      <val name="flag" val="true" />
      <val name="value" val="{com.google.android.exoplayer2.upstream.cache.CacheDataSource.FLAG_BLOCK_ON_CACHE, com.google.android.exoplayer2.upstream.cache.CacheDataSource.FLAG_IGNORE_CACHE_ON_ERROR, com.google.android.exoplayer2.upstream.cache.CacheDataSource.FLAG_CACHE_UNBOUNDED_REQUESTS}" />
    </annotation>
  </item>
</root>

